{
  "ToxEnv": {
    "name": "py",
    "type": "VirtualEnvRunner"
  },
  "Python": {
    "version_info": [
      3,
      12,
      2,
      "final",
      0
    ],
    "executable": "C:\\Users\\User\\AppData\\Local\\Programs\\Python\\Python312\\python.exe",
    "virtualenv version": "20.31.2"
  },
  "PythonRun": {
    "deps": {
      "options": [],
      "requirements": [
        "pytest"
      ],
      "constraints": [],
      "constraint_options": {
        "constrain_package_deps": false,
        "use_frozen_constraints": false
      }
    }
  }
}